<?xml version="1.0" encoding="utf-8"?>
<productAdditionalComps>
  <dependsOn>
    <component>
      <name>softwaresupportpkgs/nnet/onnx_glnxa64</name>
      <componentBaseName>softwaresupportpkgs/nnet/onnx</componentBaseName>
      <componentFileName>softwaresupportpkgs/nnet/onnx_glnxa64_1708698567.zip</componentFileName>
      <contentType>glnxa64</contentType>
      <demo>0</demo>
      <doc>0</doc>
      <doc_build>0</doc_build>
      <doc_search>0</doc_search>
      <gpu>0</gpu>
      <instrset>0</instrset>
      <locale/>
      <platformList>
        <platform>glnxa64</platform>
      </platformList>
      <size>146172</size>
      <uncompressedBytes>502928</uncompressedBytes>
      <version>1708698567</version>
    </component>
  </dependsOn>
  <isControllingProduct>false</isControllingProduct>
  <licenseAgreementType>ASLA</licenseAgreementType>
  <platform>glnxa64</platform>
  <productBaseCode>ONNXCONVERTER</productBaseCode>
  <productName>Deep Learning Toolbox Converter for ONNX Model Format</productName>
  <productNumber>2187</productNumber>
  <productType>softwareSupportPkg</productType>
  <productVersion>24.1.0</productVersion>
  <releaseDescription>R2024a</releaseDescription>
  <releaseFamily>R2024a</releaseFamily>
</productAdditionalComps>
