<?xml version="1.0" encoding="utf-8"?>
<productData>
  <altDependencies>
    <product>
      <productBaseCode>NN</productBaseCode>
      <productName>Deep Learning Toolbox</productName>
      <productNumber>12</productNumber>
      <productVersion>24.1</productVersion>
      <releaseDescription>R2024a</releaseDescription>
      <releaseFamily>R2024a</releaseFamily>
    </product>
  </altDependencies>
  <dependsOn>
    <component>
      <name>hardwaresupportpkgs/licenses/asla_license_common</name>
      <componentBaseName>hardwaresupportpkgs/licenses/asla_license</componentBaseName>
      <componentFileName>hardwaresupportpkgs/licenses/asla_license_common_1708652007.zip</componentFileName>
      <contentType>common</contentType>
      <demo>0</demo>
      <doc>0</doc>
      <doc_build>0</doc_build>
      <doc_search>0</doc_search>
      <gpu>0</gpu>
      <instrset>0</instrset>
      <locale/>
      <platformList>
        <platform>glnxa64</platform>
        <platform>maca64</platform>
        <platform>maci64</platform>
        <platform>win64</platform>
      </platformList>
      <size>5345</size>
      <uncompressedBytes>14028</uncompressedBytes>
      <version>1708652007</version>
    </component>
    <component>
      <name>softwaresupportpkgs/nnet/onnx_common</name>
      <componentBaseName>softwaresupportpkgs/nnet/onnx</componentBaseName>
      <componentFileName>softwaresupportpkgs/nnet/onnx_common_1706130120.zip</componentFileName>
      <contentType>common</contentType>
      <demo>0</demo>
      <doc>0</doc>
      <doc_build>0</doc_build>
      <doc_search>0</doc_search>
      <gpu>0</gpu>
      <instrset>0</instrset>
      <locale/>
      <platformList>
        <platform>glnxa64</platform>
        <platform>maca64</platform>
        <platform>maci64</platform>
        <platform>win64</platform>
      </platformList>
      <size>5761986</size>
      <uncompressedBytes>7167030</uncompressedBytes>
      <version>1706130120</version>
    </component>
    <component>
      <name>nnet_cnn_onnx_resources_common</name>
      <componentBaseName>nnet_cnn_onnx_resources</componentBaseName>
      <componentFileName>nnet_cnn_onnx_resources_common_1706003049.zip</componentFileName>
      <contentType>common</contentType>
      <demo>0</demo>
      <doc>0</doc>
      <doc_build>0</doc_build>
      <doc_search>0</doc_search>
      <gpu>0</gpu>
      <instrset>0</instrset>
      <locale/>
      <platformList>
        <platform>glnxa64</platform>
        <platform>maca64</platform>
        <platform>maci64</platform>
        <platform>win64</platform>
      </platformList>
      <size>9192</size>
      <uncompressedBytes>39089</uncompressedBytes>
      <version>1706003049</version>
    </component>
  </dependsOn>
  <installerUsage>
    <usage>professional</usage>
  </installerUsage>
  <isControllingProduct>false</isControllingProduct>
  <licenseAgreementType>ASLA</licenseAgreementType>
  <platformList>
    <platform>glnxa64</platform>
    <platform>maca64</platform>
    <platform>maci64</platform>
    <platform>win64</platform>
  </platformList>
  <productBaseCode>ONNXCONVERTER</productBaseCode>
  <productName>Deep Learning Toolbox Converter for ONNX Model Format</productName>
  <productNumber>2187</productNumber>
  <productType>softwareSupportPkg</productType>
  <productVersion>24.1.0</productVersion>
  <releaseDescription>R2024a</releaseDescription>
  <releaseFamily>R2024a</releaseFamily>
  <requiredProducts/>
</productData>
