<?xml version="1.0" encoding="utf-8"?>
<componentData>
  <component>
    <componentBaseName>softwaresupportpkgs/nnet/onnx</componentBaseName>
    <componentFileName>softwaresupportpkgs/nnet/onnx_glnxa64_1708698567.zip</componentFileName>
    <componentName>softwaresupportpkgs/nnet/onnx_glnxa64</componentName>
    <componentVersion>1708698567</componentVersion>
    <contentType>glnxa64</contentType>
    <demo>0</demo>
    <doc>0</doc>
    <doc_build>0</doc_build>
    <doc_search>0</doc_search>
    <gpu>0</gpu>
    <instrset>0</instrset>
    <locale/>
    <locationId>1</locationId>
    <numFiles>2</numFiles>
    <platformList>
      <platform>glnxa64</platform>
    </platformList>
    <releaseFamily>R2024a</releaseFamily>
    <size>146172</size>
    <type/>
    <uncompressedBytes>502928</uncompressedBytes>
  </component>
</componentData>
