<?xml version="1.0" encoding="utf-8"?>
<componentData>
  <component>
    <componentBaseName>softwaresupportpkgs/nnet/onnx</componentBaseName>
    <componentFileName>softwaresupportpkgs/nnet/onnx_common_1706130120.zip</componentFileName>
    <componentName>softwaresupportpkgs/nnet/onnx_common</componentName>
    <componentVersion>1706130120</componentVersion>
    <contentType>common</contentType>
    <demo>0</demo>
    <doc>0</doc>
    <doc_build>0</doc_build>
    <doc_search>0</doc_search>
    <gpu>0</gpu>
    <instrset>0</instrset>
    <locale/>
    <locationId>1</locationId>
    <numFiles>417</numFiles>
    <platformList>
      <platform>glnxa64</platform>
      <platform>maca64</platform>
      <platform>maci64</platform>
      <platform>win64</platform>
    </platformList>
    <releaseFamily>R2024a</releaseFamily>
    <size>5761986</size>
    <type/>
    <uncompressedBytes>7167030</uncompressedBytes>
  </component>
</componentData>
