<?xml version="1.0" encoding="utf-8"?>
<componentData>
  <component>
    <componentBaseName>hardwaresupportpkgs/licenses/asla_license</componentBaseName>
    <componentFileName>hardwaresupportpkgs/licenses/asla_license_common_1708652007.zip</componentFileName>
    <componentName>hardwaresupportpkgs/licenses/asla_license_common</componentName>
    <componentVersion>1708652007</componentVersion>
    <contentType>common</contentType>
    <demo>0</demo>
    <doc>0</doc>
    <doc_build>0</doc_build>
    <doc_search>0</doc_search>
    <gpu>0</gpu>
    <instrset>0</instrset>
    <locale/>
    <locationId>1</locationId>
    <numFiles>1</numFiles>
    <platformList>
      <platform>glnxa64</platform>
      <platform>maca64</platform>
      <platform>maci64</platform>
      <platform>win64</platform>
    </platformList>
    <releaseFamily>R2024a</releaseFamily>
    <size>5345</size>
    <type/>
    <uncompressedBytes>14028</uncompressedBytes>
  </component>
</componentData>
