<?xml version="1.0" encoding="utf-8"?>
<componentData>
  <component>
    <componentBaseName>nnet_cnn_onnx_resources</componentBaseName>
    <componentFileName>nnet_cnn_onnx_resources_common_1706003049.zip</componentFileName>
    <componentName>nnet_cnn_onnx_resources_common</componentName>
    <componentVersion>1706003049</componentVersion>
    <contentType>common</contentType>
    <demo>0</demo>
    <doc>0</doc>
    <doc_build>0</doc_build>
    <doc_search>0</doc_search>
    <gpu>0</gpu>
    <instrset>0</instrset>
    <locale/>
    <locationId>1</locationId>
    <numFiles>1</numFiles>
    <platformList>
      <platform>glnxa64</platform>
      <platform>maca64</platform>
      <platform>maci64</platform>
      <platform>win64</platform>
    </platformList>
    <releaseFamily>R2024a</releaseFamily>
    <size>9192</size>
    <type/>
    <uncompressedBytes>39089</uncompressedBytes>
  </component>
</componentData>
