<?xml version="1.0"?>
<rsccat version="1.0" locale="en_US" product="nnet_cnn_onnx">
    <message>
        <!-- importers -->
        <entry key="NoImageInputSize">The ONNX model does not specify an image input size. Use the ''ImageInputSize'' parameter to specify it.</entry>      
        <entry key="ImageInputShapesDisagree">The image input size in the ONNX model does not agree with that passed in the ''ImageInputSize'' parameter.</entry>      
        <entry key="MIMONetworkWithSequenceInput">ONNX network with multiple inputs or multiple outputs is not supported when one of the network inputs is sequential.</entry>      
        <entry key="TwoAndThreeDimensionalImageInput">ONNX network with multiple inputs is not supported when the inputs have a different number of dimensions.</entry> 
        <entry key="MOLayers">ONNX network has multiple outputs. importONNXLayers inserts placeholder layers for the outputs. Find and replace the layers by using findPlaceholderLayers and replaceLayer, respectively.</entry>
        <entry key="MOOutputLayerType">''OutputLayerType'' parameter is not supported for multiple output ONNX networks.</entry>
        <entry key="BroadcastMustBe1">broadcast dimension other than 1 is not supported.</entry>      
        <entry key="PerChannelMean">Only per-channel mean is supported.</entry>  
        <entry key="EmptyInputDim">Invalid dimension in input tensor "{0}" of the ONNX model. Value must not be empty.</entry> 
        <entry key="EmptyOutputDim">Invalid dimension in output tensor "{0}" of the ONNX model. Value must not be empty.</entry> 
        <entry key="BadInputShape">Only image inputs are supported for import.</entry>      
        <entry key="NonScalarSlope">Non-scalar slope is not supported.</entry>      
        <entry key="NonScalarAlpha">Non-scalar alpha is not supported.</entry>      
        <entry key="FirstArgString">First argument must be a string or character vector.</entry>      
        <entry key="ElementwiseAffineArg1">First argument must be a string or character vector.</entry>      
        <entry key="ElementwiseAffineArg2">Second and third arguments must be real.</entry>
        <entry key="SFArg1">First argument must be a string or character vector.</entry>      
        <entry key="SFArg2">Second argument must be real.</entry>      
        <entry key="SFShape">The Scaling factor can only be a scalar or a row vector.</entry>      
        <entry key="BiasBroadcast">Broadcast must be true if the bias is not a 4D array.</entry>      
        <entry key="FlattenAxis">Import of the Flatten operator with axis other than 1 is not supported.</entry>      
        <entry key="NonFloatConstant">Import of the Flatten operator with axis other than 1 is not supported.</entry>      
        <entry key="NumNodeInputs">The operator ''{0}'' is only supported when it has ''{1}'' inputs.</entry>      
        <entry key="AttributeMustHaveValue">Node ''{3}'': In operator ''{0}'', the ''{1}'' attribute is only supported when it has the value ''{2}''.</entry>      
        <entry key="UnsupportedAttribute">Attribute ''{0}'' is not supported.</entry>      
        <entry key="OneNodeOneConst">The operator ''{0}'' is only supported when its inputs are one node and one constant.</entry>      
        <entry key="PReluNumargs">The PRelu operator is supported only when it takes 2 inputs.</entry>      
        <entry key="PReluSlopeDim">The PRelu operator is supported only for scalar or vector ''slope'' (one value per channel).</entry>      
        <entry key="ReshapeNumargs">The Reshape operator is supported only when it takes 2 inputs.</entry>      
        <entry key="ReshapeFromOperator">Node ''{0}'': The Reshape operator only supported when the new shape comes from an Initializer or Constant operator.</entry>      
        <entry key="LSTMFromOperator">Recurrent weights can only be imported when the weights and initial states come from Initializers or Constant operators.</entry>      
        <entry key="ClipFromOperator">Node ''{0}'': The Clip operator can be imported only when the min and max limits are produced by Constant operators or Initializers.</entry>      
        <entry key="ReshapeFlatten">The Reshape operator is supported only when it performs a flattening operation.</entry>      
        <entry key="ReshapeArg2Constant">The Reshape operator is supported only when the shape is a constant.</entry>      
        <entry key="Max1WeightGroup">Import of more than 1 weight group is not supported.</entry>      
        <entry key="Max2WeightGroups">Node ''{0}'': Import of more than 2 weight groups is not supported.</entry>      
        <entry key="ConvDim">Import of convolution layers higher than 2D is not supported.</entry>      
        <entry key="ConvTransposeBias">Import of transposed convolution layers with Bias is not supported.</entry>      
        <entry key="ConvTransposeCropping">Padding for ConvTranspose layer must have equal top/bottom padding and equal left/right padding.</entry>      
        <entry key="CantAssembleDAGNetwork">Unable to import the ONNX network as a DAGNetwork.</entry>        
        <entry key="CantBuildNetWithUnsupportedLayers">Unable to import the network because of the following issues:</entry>        
        <entry key="AddingSoftmax">Adding a Softmax layer to the imported network. The ONNX network does not include a Softmax, which is required for classification networks.</entry>   
        <entry key="FillingInClassNames">Saved ONNX model does not include class names. Class names will be set to "1","2",...,"N", where N is the number of classes in the classification output layer of the network.  To specify class names, use the 'Classes' parameter.</entry>   
        <entry key="ClassNamesMismatchSize">Expected the number of elements in Classes to match the number of classes in the classification output layer: {0,number,integer}. Instead it was {1,number,integer}.</entry> 
        <entry key="ClassNamesForRegression">Classes is supported only for classification layers using the categorical_crossentropy loss function.</entry> 
        <entry key="ClassesMismatchSize">Expected the number of classes specified to match the number of classes in the classification output layer: {0,number,integer}. Instead it was {1,number,integer}.</entry> 
        <entry key="ClassNamesDeprecated">'Classnames' is deprecated. Use the 'Classes' parameter instead.</entry>         
        <entry key="InvalidClassNames">Classes must be a string vector or a cell vector of character vectors.</entry>
        <entry key="InvalidFileExtension">Unable to import file ''{0}''. The file must be an ONNX file (*.onnx).</entry>
        <entry key="EmptyModel">Model in file ''{0}'' must be a valid ONNX model.</entry>
        <entry key="OutputLayerTypeMissing">The ''OutputLayerType'' name-value parameter is mandatory because ONNX files do not specify the network''s output layer type.</entry>
        <entry key="OutputLayerTypeOptional">Imported layers have no output layer because ONNX files do not specify the network''s output layer type. The layers will not be trainable until an output layer is added. Either add an output layer to the imported layers, or specify the output layer type using ''OutputLayerType'' in the call to importONNXLayers.</entry>        
        <entry key="OutputLayerTypeString">''OutputLayerType'' value must be a char array or a string.</entry>        
        <entry key="UnsupportedOutputLayerType">''OutputLayerType'' value must be ''classification'', ''pixelclassification'', or ''regression''.</entry>        
        <entry key="ImageInputSizeBad">''ImageInputSize'' value must be a vector of the form [height, width, channels] for 2-D images or [height, width, depth, channels] for 3-D images.</entry>
        <entry key="FileNotFound">File not found: ''{0}''.</entry>        
        <entry key="FlattenDescription">Flatten activations into 1-D assuming C-style (row-major) order</entry>        
        <entry key="FlattenType">ONNX Flatten</entry>        
        <entry key="GlobalAveragePooling2dDescription">Average of each channel over entire image</entry>        
        <entry key="GlobalAveragePooling2dType">Global average pooling</entry>
        <entry key="AutoPadSameLower">Layer ''{0}'' in the ONNX file uses the deprecated 'SAME_LOWER' padding scheme. This may cause small numeric differences between the ONNX and MATLAB network outputs.</entry>        
        <entry key="InitializerDataTypeUnsupported">The datatype of initializer ''{0}'' (''{1}'') is not supported.</entry>   
        <entry key="BadImportWeights">Value for 'ImportWeights' must be true or false.</entry>   
        <entry key="BadEpsilon">Expected Epsilon to be a scalar with value >= 1e-05.  Setting Epsilon to be 1e-05.</entry>  
        <entry key="PlaceholderDescription">Placeholder for ''{0}'' ONNX operator</entry>        
        <entry key="InputPlaceholderDescription">Placeholder layer for ONNX input</entry>        
        <entry key="OutputPlaceholderDescription">Placeholder layer for ONNX output</entry>        
        <entry key="PlaceholderType">PLACEHOLDER LAYER</entry>  
        <entry key="PlaceholderCantBeUsed">Models containing PlaceholderLayers cannot be trained or used for prediction. Either remove or replace all PlaceholderLayers.</entry> 
        <entry key="FindPlaceholderLayersArg">Argument must be a LayerGraph or a Layer array.</entry>
        <entry key="UnsupportedLayerWarning">Unable to import some ONNX operators, because they are not supported. They have been replaced by placeholder layers or by placeholder functions inside generated custom layers. To find the placeholder layers, call the function findPlaceholderLayers on the returned object.</entry>
        <entry key="UnsupportedProductLayer">Unable to import layer. Layer ''{0}'' requires ''{1}''</entry>        
        <entry key="noCVSTForPixelClassification">OutputLayerType ''pixelclassification'' requires Computer Vision Toolbox</entry>        
        <entry key="UnsupportedDilation">Dilation value other than 1 is not supported.</entry>
        <entry key="GemmTrans">Operator ''Gemm'' is only supported when transA=0 and transB=1.</entry>
        <entry key="GemmBiasDim">Unsupported bias dimension.</entry>
        <entry key="ElementwiseAffineDescription">Applies an elementwise scaling followed by an addition to the input.</entry>        
        <entry key="ElementwiseAffineType">Elementwise Affine</entry> 
        <entry key="ClipDescription">Layer clips the input between upper and lower bounds.</entry>        
        <entry key="ClipType">Clip</entry> 
        <entry key="ImageScalerLayerDescription">Layer applies scaling factor and bias to the input</entry> 
        <entry key="ImageScalerLayerType">ImageScaler</entry> 
        <entry key="PreluLayerDescription">PReLU</entry> 
        <entry key="PreluLayerType">PReLU</entry> 
        <entry key="LayerNameArg">First argument must be a string or character vector.</entry>      
        <entry key="PreluArg2">Second argument must be a positive integer.</entry>      
        <entry key="PreluArg3">Third argument must be a positive integer.</entry>      
        <entry key="PreluArg4">Fourth argument must have length 1 or the number of channels.</entry>      
        <entry key="ISLArg1">First argument must be a string or character vector.</entry>      
        <entry key="ISLArg2">Second argument must be real scalar or vector with one component per image channel.</entry>      
        <entry key="ISLArg3">Third argument must be a real scalar.</entry>      
        <entry key="ScalingLayerDescription">Layer applies scaling factor to the input</entry> 
        <entry key="ScalingLayerType">Scaling</entry>
        <entry key="EmptyInput">Unable to import node ''{0}'': Node has empty input.</entry>
        <entry key="EmptyInitializer">The ONNX Model appears to have an empty initializer.</entry>
        <entry key="ConstantOp">Node ''{0}'': Constant operator is not supported.</entry>
        <entry key="ClassesAndClassNamesNVP">Incompatible parameter values. To set the Classes property of the classification layer, use the 'Classes' parameter only.</entry>
        <entry key="UnsupportedGateActivation">Gate activation is not supported. It must be either ''Sigmoid'' or ''HardSigmoid''.</entry>
        <entry key="UnsupportedCellActivation">Cell activation is not supported. It must be either ''Tanh'' or ''SoftSign''.</entry>
        <entry key="UnsupportedHiddenActivation">Hidden activation is not supported. It must be either ''Tanh'' or ''SoftSign''.</entry>
        <entry key="UnsupportedDlarrayLSTMGateActivation">Gate activation is not supported. It must be ''Sigmoid''.</entry>
        <entry key="UnsupportedDlarrayLSTMCellActivation">Cell activation is not supported. It must be ''Tanh''.</entry>
        <entry key="UnsupportedDlarrayLSTMHiddenActivation">Hidden activation is not supported. It must be ''Tanh''.</entry>
        <entry key="CellAndHiddenActsUnequal">LSTM cell and hidden activations must be the same.</entry>
        <entry key="ReverseLSTM">Reverse directional LSTM layers are not supported.</entry>
        <entry key="BadLSTMInput">Input specification for LSTM layer not supported.</entry>
        <entry key="BadLSTMOutput">Output specification for LSTM layer not supported.</entry>
        <entry key="BadGRUOutput">Invalid output specification for GRU layer.</entry>
        <entry key="UnsupportedGRUDirection">Bidirectional and reverse directional GRU layers are not supported.</entry>
        <entry key="UnsupportedGRUBatchedState">Batched initial hidden states are not supported for GRU layers.</entry>
        <entry key="RecurrentBiases">Recurrent biases are not supported.</entry>
        <entry key="MaxPoolStorageOrder">storage_order=1 is not supported for MaxPool layers.</entry>
        <entry key="WeightHasNoInitializer">Invalid ONNX file. The weight input to the layer has no initializer.</entry>
        <entry key="SigmoidDescription">Sigmoid layer</entry>        
        <entry key="SigmoidType">Sigmoid</entry>        
        <entry key="TanhDescription">Tanh layer</entry>        
        <entry key="TanhType">Tanh</entry>        
        <entry key="ExpDescription">Exp layer</entry>        
        <entry key="ExpType">Exp</entry>        
        <entry key="LogDescription">Log layer</entry>        
        <entry key="LogType">Log</entry>        
        <entry key="MulDescription">Pointwise multiplication layer</entry>        
        <entry key="MulType">Pointwise Multiply</entry>        
        <entry key="IrVersion">The ONNX file uses IR version {0}, while the highest fully-supported IR is version {1}. </entry>
        <entry key="OpsetVersionUnsupportedForImport">The ONNX file uses Opset version {0}, while the fully-supported version is {2}~{1}. The imported network may differ from the ONNX network.</entry> 
        <entry key="UnsupportedAttributes">Attribute(s) [{0}] in layer ''{1}'' with operator type ''{2}'' are unknown. It is possible that the imported model will not output the same predictions as the source model.</entry>        
        <entry key="UnknownAttributeSetting">Attribute ''{0}'' has an unexpected value. </entry>
        <entry key="RequiredAttributeMissing">Node ''{0}'': Required attribute ''{1}'' is missing.</entry>
        <entry key="UnknownAttributeType">Unknown attribute type ''{0}''.</entry>
        <entry key="AutoPadAndPadDefined">Both attributes ''auto_pad'' and ''pads'' are defined. The ''auto_pad'' attribute is ignored.</entry>
        <entry key="GroupedConvolution3D">3d grouped convolution is not supported.</entry>
        <entry key="MatMulDimGreaterThan2D">MatMul attempts to multiply inputs with greater than 2 dimensions, which is not supported.</entry>
        <entry key="UnsupportedInputType">The operator ''{0}'' is only supported when its inputs are nodes.</entry>
        <entry key="MissingAttribute">Required attribute ''{0}'' is missing. Attempting to import with a default value, which may produce different results.</entry>
        <entry key="AxisIsBatchDim">The operator ''{0}'' is not supported when the axis is the batch dimension. </entry>
        <entry key="UnsupportedLSTMDirection">''{0}'' is not a supported LSTM direction.</entry>
        <entry key="LayerConstructorFailed">Unable to import layer ''{0}'' because layer constructor ''{1}'' failed with the message ''{2}''</entry>
        <entry key="InputLayerConstructorFailed">Unable to create an input layer for ONNX input #{0} (with name ''{1}'') because its data format is unknown or not supported as a MATLAB input layer. If you know the input format, pass it by using the "InputDataFormats" parameter. \n The input shape declared in the ONNX file is ''{2}''.</entry>
        <entry key="ImageInputSizeUnknown">Unable to create an input layer for ONNX input #{0} (with name ''{1}'') because some of its dimension sizes are unknown. If it is the first network input, you can specify its size using the "ImageInputSize" parameter.</entry>
        <entry key="OutputLayerConstructorFailed">Unable to create an output layer for ONNX network output #{0} (with name ''{1}'') because its data format is unknown or not supported as a MATLAB output layer. If you know the output format, pass it using the ''OutputDataFormats'' parameter.</entry>
        <entry key="UnsupportedAttributeValue">The value ''{0}'' is not supported for the attribute ''{1}''.</entry>
        <entry key="UnsupportedNumberOfElementsScale">Unsupported number of elements in 'scales'. It must be either a four elements vector or a five elements vector.</entry>
        <entry key="UnsupportedResizePropertyImport">The value ''{0}'' for the attribute ''{1}'' is not supported by resize layers. Attempting to import with the value ''{2}'', which may produce different results.</entry>
        <entry key="UnsupportedOperator">Operator ''{0}'' is not supported with its current settings or in this context.</entry>
        <entry key="ModeNearest">Only ''nearest'' method is supported for the Upsample ONNX operator. The method will be set to "nearest".</entry>
        <entry key="NoReverseLSTM">Import of reverse LSTM operator is not supported.</entry>
        <entry key="UseTargetNetworkDlnetwork">To import the ONNX network as a dlnetwork, set the ''TargetNetwork'' value to ''dlnetwork''.</entry>
        <entry key="UseImportONNXLayers">To import the ONNX network as a layer graph with weights, use importONNXLayers.</entry>
        <entry key="UseImportONNXFunction">To import the ONNX network as a function, use importONNXFunction.</entry>
        <entry key="GenericMessage">{0}</entry>
        <entry key="IssuesDuringImport">{0}\n{1}\n\n{2}</entry>
        <entry key="InputNeedsPermute">Input {0} with size {1} is expected, but the input size is {2}. You can permute the input by using the ''InputDataPermutation'' parameter.</entry>
        <entry key="InputPermutationSize">Permutation vector passed to ''InputDataPermutation'' had {0} elements, which is not equal to the number of dimensions {1} in the ONNX network.</entry>
        <entry key="InputNeedsResize">Input {0} with size {1} is expected, but the input size is {2}. The input might need to be resized.</entry>        
        <entry key="InputHasGreaterNDims">Input {0} has a greater number of dimensions than the expected shape {1}.</entry>
        <entry key="noIPTForOperator">Importing the ONNX operator ''{0}'' requires Image Processing Toolbox.</entry>        
        <entry key="noCVTForOperator">Importing the ONNX operator ''{0}'' requires Computer Vision Toolbox.</entry>
        <entry key="OneHotDim">OneHot ONNX operator is not supported for inputs with a number of dimensions greater than 4.</entry>
        <entry key="MkdirFailed">Unable to create directory ''{0}'' for saving custom layer files. To import without creating custom layers, use GenerateCustomLayers=false. Reported reason: {1}.</entry>
        <entry key="FileOverwrite">Unable to overwrite file ''{0}''. Reported reason: {1}.</entry>
        <entry key="FileCreation">Unable to create file ''{0}''. Reported reason: {1}.</entry>
        <entry key="FileOpen">Unable to open file ''{0}''.</entry>
        <entry key="IOFOpsetUnsupported">ONNX operator set {0} is not fully supported.</entry>
        <entry key="LegalNamesFailed">Failed to make all ONNX names unique and legal for MATLAB.</entry>
        <entry key="IOFMessageLine1">Function containing the imported ONNX network architecture was saved to the file {0}.</entry>
        <entry key="IOFMessageLine2">To learn how to use this function, type: help {0}.</entry>
        <entry key="IOFMessageLine2a">To learn how to use this function, make sure ''{0}'' is on your path and type: help {1}.</entry>
        <entry key="OutputFilepathDoesNotExist">Output file path ''{0}'' does not exist.</entry>
        <entry key="OutputExtensionNotM">Output file must be an M-file (*.m).</entry>
        <entry key="InvalidFcnName">Imported ONNX function name must be a valid MATLAB function name.</entry>
        <entry key="IOFTranslationIssues">Unable to import some ONNX operators or attributes. They may have been replaced by 'PLACEHOLDER' functions in the imported model function.</entry>
        <entry key="InputsMustBeInitializers">All inputs to the Resize ONNX operator, except X, must be initializers.</entry>
        <entry key="ConcatInputDims">Input to the Concat ONNX operator must have the same number of dimensions as the network input.</entry>
        <entry key="ScaleIsNotInitializer">Scale input to the Upsample ONNX operator must be an initializer.</entry>
        <entry key="LayerParamsMustBeInits">Layer parameters must be specified by initializers, not previous layers.</entry>
        <entry key="IgnoredAttributes">Attributes [{0}] of the {1} ONNX operator are ignored.</entry>
        <entry key="InputFromInitializer">Inputs [{0}] to the {1} ONNX operator must be initializers.</entry>
        <entry key="DropoutIsMO">Dropout operator with multiple outputs is not supported for import into layers.</entry>
        <entry key="TrainingModeAttrIgnored">The attribute training_mode will be ignored. Use the 'Training' parameter to the model function to set the training mode.</entry>
        <entry key="MissingConstantValue">One of the value attributes of the Constant operator must be set.</entry>
        <entry key="UnsupportedInputTensorFormat">Format {0} is not supported as an input to the {1} operator.</entry>
        <entry key="BadCustomLayerRuntimeOutput">Runtime error in network because the custom layer {0} output is nonnumeric.</entry>
        <entry key="DataFormatType">{0} must be a character vector or a string array.</entry>
        <entry key="DataFormatLabels">The ''{0}'' value can contain only the labels ''S'', ''C'', ''B'', and ''T''.</entry>
        <entry key="DataFormatStrings">The ''{0}'' value "{1}" is not a supported ONNX data format. Use one of the supported strings from the array {2}.</entry>
        <entry key="InputDataFormatNumDimsMismatch">''InputDataFormats'' value "{0}" (for input #{1}) has number of dimensions that does not match the dimensions {2} declared in the ONNX file.</entry>
        <entry key="OutputDataFormatNumDimsMismatch">''OutputDataFormats'' value "{0}" (for output #{1}) has number of dimensions that does not match the dimensions {2} declared in the ONNX file.</entry>
        <entry key="UninitializedDlnet">Returning an uninitialized dlnetwork because some input layers have unknown data formats or undetermined image sizes. Initialize the network by passing example input data to the initialize object function.</entry>
        <entry key="DlnetInitializeFailed">Returning an uninitialized dlnetwork. Initialize the network by passing example input data to the initialize object function.</entry>
        <entry key="InvalidPackageName">Unable to use ''{0}'' as a namespace for custom layers. Custom layers will be saved to namespace ''{1}''.</entry>
        <entry key="CustomLayerDescription">A custom layer auto-generated while importing an ONNX network.</entry>
        <entry key="CustomLayerONNXParams">An ONNXParameters object containing parameters used by this layer.</entry>
        <entry key="LabeledInputDescriptionL1">You must pass to this layer a labeled dlarray with format string:</entry>
        <entry key="LabeledInputDescriptionL2">You must pass the size:</entry>
        <entry key="UnlabeledInputDescriptionL1">You must pass to this layer a labeled dlarray with dimension ordering that is reverse to the ordering shown in the ONNX file.</entry>
        <entry key="UnlabeledInputDescriptionL1NewAPI">Layer input must be a labeled dlarray with the dimension order shown in the ONNX model file.</entry>
        <entry key="UnlabeledInputDescriptionL2">You must pass the size:</entry>
        <entry key="UnlabeledInputDescriptionL3">The dlarray must have a format string consisting of one 'U' for each dimension: ''{0}''</entry>
        <entry key="LabeledOutputDescriptionL1">This layer outputs a dlarray with format ''{0}''.</entry>
        <entry key="LabeledOutputDescriptionL2">Output size is:</entry>
        <entry key="UnlabeledOutputDescriptionL1">This layer outputs an array with dimension ordering that is reverse to the ordering shown in the ONNX file.</entry>
        <entry key="UnlabeledOutputDescriptionL1NewAPI">Layer outputs a labeled dlarray with the dimension order shown in the ONNX model file.</entry>
        <entry key="UnlabeledOutputDescriptionL2">Output size is:</entry>
        <entry key="ImageInputSizeMismatch">The "ImageInputSize" value ({0})={1} does not match the known size ({2}) of the ONNX input image.</entry>
        <entry key="InvalidInputTensor">''{0}'' is not an input tensor of the graph.</entry>
        <entry key="InvalidOutputTensor">''{0}'' is not an output tensor of the graph.</entry>
        <entry key="IncorrectNumInputLabels">{0} input labels were passed, but {1} are expected.</entry>
        <entry key="IncorrectNumOutputLabels">{0} output labels were passed, but {1} are expected.</entry>
        <entry key="InputLabelMismatch">Data format "{1}" you specified for input {0} does not match the format "{2}" derived by the software. The data format derived by the software will be used.</entry>
        <entry key="OutputLabelMismatch">Data format "{1}" you specified for output {0} does not match the format "{2}" derived by the software. The data format derived by the software will be used.</entry>
        <entry key="ConstantDimsAndFormatMismatch">The constant has more dimensions than the data.</entry>
        <entry key="UnknownONNXFormat">Unknown ONNX tensor format ''{0}''.</entry>
        <entry key="CustomInputLayerBadInputInfo">Input information must be a string or character vector.</entry>
        <entry key="CustomInputLayerBadNumDims">Number of dimensions must be an integer.</entry>
        <entry key="CustomInputLayerDescription">See the InputInformation property to find the required input dimension ordering for this layer.</entry>
        <entry key="CustomInputLayerType">Custom input (''{0}'')</entry>
        <entry key="CustomOutputLayerBadOutputInfo">Output information must be a string or character vector.</entry>
        <entry key="CustomOutputLayerDescription">See the OutputInformation property to find the output dimension ordering that is produced by this layer.</entry>
        <entry key="CustomOutputLayerType">Custom output (''{0}'')</entry>
        <entry key="ConnectComponentsLayerWrongNumInputs">Wrong number of inputs passed to ConnectComponentsLayer.predict.</entry>
        <entry key="ConnectComponentsLayerDescription">Connect disconnected graphs into a single graph.</entry>
        <entry key="ImportWeightsIgnored">"ImportWeights" parameter is ignored and the model is imported with weights.</entry>
        <entry key="VerifyBatchSizeLayerDescription">Verify the fixed batch size of {0}</entry>        
        <entry key="VerifyBatchSizeLayerType">Verify the fixed batch size</entry>
        <entry key="WrongFixedBatchSize">Network input layer "{0}" must have a fixed batch size of {1}, but a batch size of {2} was passed.</entry>
        <entry key="MinLengthNotSet"> Unable to set the 'MinLength' parameter in layer ''{0}'' because the layer graph contains placeholder layers.</entry>
        <entry key="TranslationWarningSummary">ONNX operators converted to built-in or custom layers with warnings:</entry>
        <entry key="WarnAPIDeprecation">''{0}'' is not recommended and will be removed in a future release. To import ONNX models, use importNetworkFromONNX function.</entry>
        <!-- findPermutationVector -->
        <entry key="FPVtypes">Input and output dimension orders must both be string scalars or string arrays containing the same number of elements.</entry>
        <entry key="FPVfromunique">Input dimension order must contain unique elements.</entry>
        <entry key="FPVtounique">Output dimension order must contain unique elements.</entry>
        <entry key="FPVsame">Input and output dimension orders must contain the same elements.</entry>
        <!-- ONNXParameters -->
        <entry key="addOutputNotAssigned">No parameters were added. Assign a value to the output argument.</entry>
        <entry key="freezeAndUnfreezeInput">Second argument to {0} must be ''all'' or a string, character array, string array, or cell array of character vectors.</entry>
        <entry key="freezeOutputNotAssigned">No parameters were frozen. Assign a value to the output argument.</entry>
        <entry key="learnableNotFound">Parameter ''{0}'' was not found in Learnables.</entry>
        <entry key="learnablesNumeric">Learnable parameters must be numeric.</entry>
        <entry key="mustBeAStruct">{0} must be a struct.</entry>
        <entry key="nonlearnableNotFound">Parameter ''{0}'' not found in Nonlearnables.</entry>
        <entry key="numdimsAdd">Number of dimensions must be greater than or equal to the position of the last nonsingleton dimension of value.</entry>
        <entry key="paramDims">New value for parameter ''{0}'' has a greater number of dimensions than the old value.</entry>
        <entry key="paramKind">Parameter type must be 'Learnable', 'Nonlearnable', or 'State'.</entry>
        <entry key="paramNameExists">Parameter name ''{0}'' already exists. Choose a different name.</entry>
        <entry key="paramNotFound">Parameter ''{0}'' not found.</entry>
        <entry key="removeOutputNotAssigned">No parameters were removed. Assign a value to the output argument.</entry>
        <entry key="toAddOrRemoveParams">To add or remove parameters, use addParameter or removeParameter.</entry>
        <entry key="unfreezeOutputNotAssigned">No parameters were unfrozen. Assign a value to the output argument.</entry>
        <entry key="BatchNormNegVar">In the BatchNormalization layer ''{0}'', some components of the trained variance are zero or negative in the ONNX network. They have been imported as small positive values.</entry>
        <entry key="UnspecifiedInputDim">Unspecified input dimensions are supported only for sequence or batch dimensions.</entry>
        <!-- exporter -->
        <entry key="QuantizedNet">Exported weights are not quantized when exporting quantized networks.</entry>
        <entry key="Nargs">There must be at least 1 argument.</entry>      
        <entry key="Nargs2">Wrong number of arguments. Expected {0,number,integer}, got {1,number,integer}.</entry>      
        <entry key="ptr">Not scalar pointer.</entry>      
        <entry key="Func">First argument must be an int32.</entry>      
        <entry key="Func2">Second argument must be a char array.</entry>      
        <entry key="doub">Not scalar double.</entry>      
        <entry key="Cell">Argument must be a non-empty cell array.</entry>      
        <entry key="CellLength">Argument must be a cell array with exactly {0,number,integer} elements.</entry>      
        <entry key="verifyIsModelProto">verifyIsModelProto: Argument must have type ''nnet.internal.cnn.onnx.ModelProto''.</entry>      
        <entry key="cifyPtr">Argument to cifyPtr must have class uint64. Instead it is ''{0}''.</entry>      
        <entry key="cifyNumericScalar">Argument to cifyNumericScalar must be numeric. Instead it is ''{0}''.</entry>      
        <entry key="cifyNumericArray">Argument to cifyNumericArray must be numeric. Instead it is ''{0}''.</entry>      
        <entry key="cifyEnum">Argument to cifyEnum must have class int32. Instead it is ''{0}''.</entry>      
        <entry key="cifyString">Argument to cifyString must have class char. Instead it is ''{0}''.</entry>      
        <entry key="cifyRawData">Argument to cifyRawData must have class uint8. Instead it is ''{0}''.</entry>      
        <entry key="Opening">Opening file ''{0}'' failed.</entry>      
        <entry key="ParseFromIstream">ParseFromIstream failed on file ''{0}''.</entry>      
        <entry key="SerializeToOstream">SerializeToOstream failed on file ''{0}''.</entry>      
        <entry key="BadSwitchCase">Unknown case in switch.</entry>      
        <entry key="NetworkWrongType">First argument must be a SeriesNetwork, DAGNetwork, dlnetwork, or layerGraph.</entry> 
        <entry key="FilenameWrongType">Filename argument must be a string or character array.</entry>      
        <entry key="NetworkNameWrongType">''NetworkName'' must be a string or character array.</entry>      
        <entry key="BatchSizeWrongType">''BatchSize'' value must be a positive integer or [].</entry>    
        <entry key="OpsetVersionUnsupportedForExport">''OpsetVersion'' must be one of ''{0}''.</entry>      
        <entry key="ExportingCustomLayer">Exporting custom layer ''{0}'' to ONNX operator ''com.MathWorks.Custom''.</entry>      
        <entry key="ExportingPlaceholderLayer">ONNX does not support layer ''{0}''. Exporting to ONNX operator ''com.MathWorks.Placeholder''.</entry>      
        <entry key="CantExportLayer">Export is not supported for layers of class ''{0}''.</entry>      
        <entry key="PlaceholderOperatorDocString">Placeholder operator</entry>      
        <entry key="CustomLayerDocString">Custom layer</entry>      
        <entry key="ProducerName">MATLAB Deep Learning Toolbox Converter for ONNX Model Format</entry>      
        <entry key="ROIMaxPooling2DLayerScalesUnequal">Cannot exactly export Layer ''{0}'' because height and width scale factors (''{1}'' and ''{2}'') are not equal. Exporting with single scale factor ''{3}''.</entry>      
        <entry key="NormalizationUnsupportedForExport">''Normalization'' must be one of ''zerocenter'', ''zscore'', ''rescale-symmetric'', ''rescale-zero-one'', or ''none'' for export. Custom normalizations are not supported.</entry>
        <entry key="InvalidElementwiseAffineScaleOrOffset">Scale or offset must be a numeric scalar.</entry>
        <entry key="ImageStandardizationScaleOrOffset">Scale or offset must be a numeric column vector.</entry>
        <entry key="UnexpectedLayer">Unrecognized layer type ''{2}''. Layer must be of class ''{0}'' or ''{1}''. </entry>
        <entry key="InvalidActivationFunction">''{0}'' is not a supported activation function in the layer ''{1}''.</entry>
        <entry key="FlatInputRequired">The input to ''{0}'' must be flattened.</entry>
        <entry key="FlatOutputRequired">Output of layer ''{0}'' must be flattened.</entry>
        <entry key="SoftmaxBeforeFlatten">There must be a Softmax operator preceding ''{0}'' in the converted ONNX graph.</entry>        
        <entry key="UnexpectedONNXInputLayout">Unexpected input tensor layout in layer ''{0}''.</entry>
        <entry key="UnexpectedONNXOutputLayout">Layer ''{0}'' must follow ONNX standard dimension ordering.</entry>
        <entry key="FirstSoftmaxAxisAttribute">The first attribute of the converted Softmax operator must be ''axis''.</entry>
        <entry key="CenterCropAuto">When crop mode is ''centercrop'', then location must be ''auto''.</entry>
        <entry key="UnsupportedCropMode">Crop mode ''{0}'' is not supported in layer ''{1}''.</entry>
        <entry key="UnsupportedCropLocation">Crop location must be a two-element numeric vector in layer ''{0}'' .</entry>
        <entry key="UnexpectedDLTInputSize">The input cannot have {1} dimensions in the layer ''{0}'' </entry>
        <entry key="InvalidAttributeValue">Attribute ''{0}'' must have type ''{1}''.</entry>
        <entry key="UnsupportedAttributeType">Type ''{1}'' is not supported for attribute ''{0}''.</entry>
        <entry key="InvalidProtoProperty">Cannot set property ''{0}'' to invalid value in ''{1}''.</entry>
        <entry key="spaceToDepthRectangular">Only square blocks are supported for this layer. The block size [{0} {1}] will be exported as [{0} {0}].</entry>
        <entry key="depthToSpaceRectangular">Only square blockSize are supported for export of depthToSpace layer.</entry>
        <entry key="InvalidNumGroups">Unable to export layer ''{0}''. Number of groups must be equal to the number of channels.</entry>
        <entry key="UnsupportedResizeScale">Export is not supported for scale values of less than one.</entry>
        <entry key="UnsupportedResizePropertyExport">Cannot exactly export Layer ''{0}'' with ''{1}'' set to ''{2}'' for ''OpsetVersion'' ''{3}''. Exported network may produce different results.</entry>        
        <entry key="MaxUnpoolOpset9Preferred">Layer ''{0}'' was exported to a custom unpooling operator. To export to the ONNX MaxUnpool-9 operator, set the ''OpsetVersion'' value to 9.</entry>
        <entry key="ExportUnsupportedInputLayer">Unable to export the input layer type "{0}".</entry>
        <entry key="ConvPaddingValueUnsupportedForExport">Unable to export layer "{0}" because the ''PaddingValue'' value is set to ''symmetric-include-edge''.</entry>
        <entry key="UnsupportedRNNStateInputs">Cannot exactly export Layer ''{0}'' with ''HasStateInputs'' set to ''true''. Exported network may produce different results during training.</entry>
        <entry key="UnsupportedSplitComplexInputs">Unsupported input layer option for layer ''{0}''. To export networks with an input layer, the SplitComplexInputs property must be 0 (false).</entry>
        <entry key="UnsupportedUnspecifiedFormats">Unsupported input format for layer ''{0}''. To export networks containing an InputLayer object, the InputFormat property must not contain ''U'' labels.</entry>
        <entry key="UnsupportedNoCDim">Unsupported input format for layer ''{0}''. To export networks containing an InputLayer object, the InputFormat property must contain a ''C'' label.</entry>
        <entry key="WarnArgumentDeprecation">Argument ''PackageName'' is not recommended and will be removed in a future release. Use ''Namespace'' to specify where custom layers are stored.</entry>
    </message>
</rsccat>
